{
  "oldParams": true,
  "wave_type": 3,
  "p_env_attack": 0.01608957001004693,
  "p_env_sustain": 0.116,
  "p_env_punch": 0.15002519480365503,
  "p_env_decay": 0.2751083341571907,
  "p_base_freq": 0.4988400630760478,
  "p_freq_limit": 0,
  "p_freq_ramp": 0.07836375685237601,
  "p_freq_dramp": 0.5881188836463945,
  "p_vib_strength": 0.0005184307691819165,
  "p_vib_speed": -0.3457826349775266,
  "p_arp_mod": -1,
  "p_arp_speed": 0.5213574928150939,
  "p_duty": 0.7373112246778024,
  "p_duty_ramp": -0.006637776961601766,
  "p_repeat_speed": 0.3286794908025725,
  "p_pha_offset": 0.0014563454686679447,
  "p_pha_ramp": -0.15906619946382816,
  "p_lpf_freq": 0.18783688242639607,
  "p_lpf_ramp": -0.0064817394546578255,
  "p_lpf_resonance": 0.6639260213085125,
  "p_hpf_freq": 0.0005386172592511916,
  "p_hpf_ramp": 0.522054437278853,
  "sound_vol": 0.25,
  "sample_rate": 44100,
  "sample_size": 8
}