{
  "oldParams": true,
  "wave_type": 3,
  "p_env_attack": 0,
  "p_env_sustain": 0.687,
  "p_env_punch": 0.307,
  "p_env_decay": 0.471,
  "p_base_freq": 0.31487797198161815,
  "p_freq_limit": 0,
  "p_freq_ramp": -0.03666502678775002,
  "p_freq_dramp": 0.10462227024036085,
  "p_vib_strength": 0.10780669971349977,
  "p_vib_speed": 0.464465666294829,
  "p_arp_mod": 0.38418392979709837,
  "p_arp_speed": 0.8093260917469751,
  "p_duty": -0.3432342722299697,
  "p_duty_ramp": 0.018219435020022837,
  "p_repeat_speed": 0.140678500006169,
  "p_pha_offset": 0.020757263784657795,
  "p_pha_ramp": 0.3091161831922831,
  "p_lpf_freq": 0.7899215211516931,
  "p_lpf_ramp": -0.6909661572572308,
  "p_lpf_resonance": 0.7866010907034096,
  "p_hpf_freq": 0.012531757457959376,
  "p_hpf_ramp": 0.00012994990993325388,
  "sound_vol": 0.25,
  "sample_rate": 44100,
  "sample_size": 8
}