{
  "oldParams": true,
  "wave_type": 1,
  "p_env_attack": 0.148,
  "p_env_sustain": 0.497,
  "p_env_punch": 0.928,
  "p_env_decay": 0.364,
  "p_base_freq": 0.313,
  "p_freq_limit": 0.009,
  "p_freq_ramp": -0.2064947446271511,
  "p_freq_dramp": 0.247,
  "p_vib_strength": 0.237,
  "p_vib_speed": 0.529,
  "p_arp_mod": 0.04765404397922479,
  "p_arp_speed": 0.56,
  "p_duty": -0.712026515459889,
  "p_duty_ramp": -0.222,
  "p_repeat_speed": 0.8691050553143671,
  "p_pha_offset": 0.019,
  "p_pha_ramp": 0.057,
  "p_lpf_freq": 0.845,
  "p_lpf_ramp": -0.146,
  "p_lpf_resonance": 0.364,
  "p_hpf_freq": 0.072,
  "p_hpf_ramp": -0.666,
  "sound_vol": 0.25,
  "sample_rate": 44100,
  "sample_size": 8
}