{
  "oldParams": true,
  "wave_type": 3,
  "p_env_attack": 0.00047664979026310354,
  "p_env_sustain": 0.6031212268844848,
  "p_env_punch": 0.5108498166990747,
  "p_env_decay": 0.3347890294440674,
  "p_base_freq": 0.4969732773835404,
  "p_freq_limit": 0,
  "p_freq_ramp": -0.2854527315733699,
  "p_freq_dramp": -0.05701988304807509,
  "p_vib_strength": 0.7089157041170355,
  "p_vib_speed": -0.5196031544127693,
  "p_arp_mod": -0.8336511856695084,
  "p_arp_speed": 0.6876548784363015,
  "p_duty": -0.9282060146540261,
  "p_duty_ramp": 0.19192709433382077,
  "p_repeat_speed": -0.8209362150055011,
  "p_pha_offset": -0.37504554278282987,
  "p_pha_ramp": -0.1795087702897342,
  "p_lpf_freq": 0.732429603147414,
  "p_lpf_ramp": -0.0012679673597069854,
  "p_lpf_resonance": -0.5026523952752417,
  "p_hpf_freq": 0.0011304984405186584,
  "p_hpf_ramp": -0.35883970708339397,
  "sound_vol": 0.25,
  "sample_rate": 44100,
  "sample_size": 8
}