{
  "oldParams": true,
  "wave_type": 2,
  "p_env_attack": 0.091,
  "p_env_sustain": 0.24967554031195419,
  "p_env_punch": 0,
  "p_env_decay": 0.2519149780275779,
  "p_base_freq": 0.5435410097409665,
  "p_freq_limit": 0.2,
  "p_freq_ramp": -0.22977157597050854,
  "p_freq_dramp": 0,
  "p_vib_strength": 0,
  "p_vib_speed": 0,
  "p_arp_mod": 0,
  "p_arp_speed": 0,
  "p_duty": 0.6481699893036654,
  "p_duty_ramp": -0.39642567521070826,
  "p_repeat_speed": 0,
  "p_pha_offset": 0,
  "p_pha_ramp": 0,
  "p_lpf_freq": 1,
  "p_lpf_ramp": 0,
  "p_lpf_resonance": 0,
  "p_hpf_freq": 0.05478220325551812,
  "p_hpf_ramp": 0,
  "sound_vol": 0.25,
  "sample_rate": 44100,
  "sample_size": 8
}