{
  "oldParams": true,
  "wave_type": 0,
  "p_env_attack": 0.161,
  "p_env_sustain": 0.288,
  "p_env_punch": 0.262,
  "p_env_decay": 0.3,
  "p_base_freq": 0.199,
  "p_freq_limit": 0,
  "p_freq_ramp": 0.23921608012331033,
  "p_freq_dramp": -0.002267613077755122,
  "p_vib_strength": -0.30560154882927937,
  "p_vib_speed": 0.5976030619142934,
  "p_arp_mod": 0.019330873117406888,
  "p_arp_speed": 0.009,
  "p_duty": 0.3952797115688633,
  "p_duty_ramp": 0.0372719932666358,
  "p_repeat_speed": 0.7601345973893583,
  "p_pha_offset": 0.031149373412859154,
  "p_pha_ramp": -0.003823637064096344,
  "p_lpf_freq": 0.7420953020972028,
  "p_lpf_ramp": -0.271586725514272,
  "p_lpf_resonance": -0.9276699231561227,
  "p_hpf_freq": 0.012157668492891871,
  "p_hpf_ramp": -5.403881059488319e-11,
  "sound_vol": 0.25,
  "sample_rate": 44100,
  "sample_size": 8
}