{
  "oldParams": true,
  "wave_type": 3,
  "p_env_attack": -0.1830535675880068,
  "p_env_sustain": 0.588584030946695,
  "p_env_punch": 0.2082784727060794,
  "p_env_decay": -0.2977303250537091,
  "p_base_freq": 0.10384230982210838,
  "p_freq_limit": 0,
  "p_freq_ramp": 0.0036694731502866676,
  "p_freq_dramp": -0.020587680562654625,
  "p_vib_strength": -0.14028261905041114,
  "p_vib_speed": 0.8730839294534181,
  "p_arp_mod": -0.44789125679487807,
  "p_arp_speed": -0.9050538755671174,
  "p_duty": -0.20335895389693737,
  "p_duty_ramp": 0.5465238719428337,
  "p_repeat_speed": -0.5084209257406831,
  "p_pha_offset": -0.0615136387706076,
  "p_pha_ramp": 0.00045097040317418737,
  "p_lpf_freq": 0.6917396671532818,
  "p_lpf_ramp": -0.09214362552796529,
  "p_lpf_resonance": 0.6658809142769258,
  "p_hpf_freq": 0.01598841475556962,
  "p_hpf_ramp": 0.0037741557571648286,
  "sound_vol": 0.25,
  "sample_rate": 44100,
  "sample_size": 8
}