{
  "oldParams": true,
  "wave_type": 0,
  "p_env_attack": 0.085,
  "p_env_sustain": 0.053,
  "p_env_punch": 0.281,
  "p_env_decay": 0.313,
  "p_base_freq": 0.9216907564858381,
  "p_freq_limit": 0.548914402883576,
  "p_freq_ramp": -0.22121618728738865,
  "p_freq_dramp": 0,
  "p_vib_strength": 0,
  "p_vib_speed": 0,
  "p_arp_mod": 0,
  "p_arp_speed": 0,
  "p_duty": 0.4118149281689263,
  "p_duty_ramp": 0.015483650005359097,
  "p_repeat_speed": 0,
  "p_pha_offset": 0,
  "p_pha_ramp": 0,
  "p_lpf_freq": 1,
  "p_lpf_ramp": 0,
  "p_lpf_resonance": 0,
  "p_hpf_freq": 0.257186754058138,
  "p_hpf_ramp": 0,
  "sound_vol": 0.25,
  "sample_rate": 44100,
  "sample_size": 8
}