{
  "oldParams": true,
  "wave_type": 0,
  "p_env_attack": -0.4573040645865247,
  "p_env_sustain": 0,
  "p_env_punch": 0,
  "p_env_decay": 0,
  "p_base_freq": 0.319,
  "p_freq_limit": 0.104,
  "p_freq_ramp": -0.311,
  "p_freq_dramp": 0.792,
  "p_vib_strength": 0.14383990838685945,
  "p_vib_speed": -0.5747730750548317,
  "p_arp_mod": 0.64,
  "p_arp_speed": 0.915,
  "p_duty": 0.11,
  "p_duty_ramp": -0.501,
  "p_repeat_speed": 0.37,
  "p_pha_offset": -0.032,
  "p_pha_ramp": -0.006,
  "p_lpf_freq": 0.782,
  "p_lpf_ramp": 0.0016247109472642895,
  "p_lpf_resonance": -0.597355327618571,
  "p_hpf_freq": 6.732249876176673e-8,
  "p_hpf_ramp": -0.22182600397134722,
  "sound_vol": 0.25,
  "sample_rate": 44100,
  "sample_size": 8
}