{
  "oldParams": true,
  "wave_type": 0,
  "p_env_attack": 0.345,
  "p_env_sustain": 0.592,
  "p_env_punch": 0.376,
  "p_env_decay": 0.199,
  "p_base_freq": -0.1287207917933274,
  "p_freq_limit": 0,
  "p_freq_ramp": 0.000278178493378409,
  "p_freq_dramp": 0.200942637638483,
  "p_vib_strength": 0.192,
  "p_vib_speed": 0.9794534938264516,
  "p_arp_mod": -0.5942783850504072,
  "p_arp_speed": -0.5398779101964708,
  "p_duty": 0.4694398100002286,
  "p_duty_ramp": -0.05894034937891502,
  "p_repeat_speed": 0.9117299836419617,
  "p_pha_offset": 0.0015169622422950063,
  "p_pha_ramp": 0.0027738450318887707,
  "p_lpf_freq": 0.6534581388904372,
  "p_lpf_ramp": -0.033530401843632186,
  "p_lpf_resonance": 0.03954567142213805,
  "p_hpf_freq": 0.1391137870430294,
  "p_hpf_ramp": -0.0013918832747545204,
  "sound_vol": 0.25,
  "sample_rate": 44100,
  "sample_size": 8
}