{
  "oldParams": true,
  "wave_type": 0,
  "p_env_attack": 0.725,
  "p_env_sustain": 0.039114137598400156,
  "p_env_punch": 0.027658983643608283,
  "p_env_decay": 0.256,
  "p_base_freq": 0.14590597809088912,
  "p_freq_limit": 0,
  "p_freq_ramp": 0.1954159564131004,
  "p_freq_dramp": 0.001987369797118985,
  "p_vib_strength": 0.012763589100994482,
  "p_vib_speed": 0.9463028579080812,
  "p_arp_mod": -0.512440063083687,
  "p_arp_speed": -0.26817198401793907,
  "p_duty": 0.14502452295805313,
  "p_duty_ramp": 0.06654953657973285,
  "p_repeat_speed": -0.9443265919916146,
  "p_pha_offset": -0.014429546530387428,
  "p_pha_ramp": 0.7090390528003176,
  "p_lpf_freq": 0.9862806754659813,
  "p_lpf_ramp": 0.9366656821192066,
  "p_lpf_resonance": 0.4449530772959185,
  "p_hpf_freq": 0.3350248890813586,
  "p_hpf_ramp": -0.011514565940079467,
  "sound_vol": 0.25,
  "sample_rate": 44100,
  "sample_size": 8
}