{
  "oldParams": true,
  "wave_type": 3,
  "p_env_attack": 0.313,
  "p_env_sustain": 0.142,
  "p_env_punch": 0.262,
  "p_env_decay": 0.313,
  "p_base_freq": 0.28609939154701547,
  "p_freq_limit": 0,
  "p_freq_ramp": -0.050332260461511916,
  "p_freq_dramp": -0.4588240751457178,
  "p_vib_strength": 0,
  "p_vib_speed": 0.04,
  "p_arp_mod": 0.311,
  "p_arp_speed": -0.9912594655266862,
  "p_duty": -0.6750312789619186,
  "p_duty_ramp": 0.47160023264888873,
  "p_repeat_speed": 0,
  "p_pha_offset": 0.919,
  "p_pha_ramp": -0.24993090454269848,
  "p_lpf_freq": 0.452,
  "p_lpf_ramp": -0.412,
  "p_lpf_resonance": 0.07951795639716353,
  "p_hpf_freq": 0,
  "p_hpf_ramp": -0.108,
  "sound_vol": 0.25,
  "sample_rate": 44100,
  "sample_size": 8
}